category|sku|extraction_time
half-price|340411|2023-07-08 11:01:31
half-price|27570|2023-07-08 11:01:31
half-price|57053|2023-07-08 11:01:31
half-price|257360|2023-07-08 11:01:31
half-price|253808|2023-07-08 11:01:31
half-price|253770|2023-07-08 11:01:31
half-price|57070|2023-07-08 11:01:31
half-price|172638|2023-07-08 11:01:31
half-price|211299|2023-07-08 11:01:31
half-price|30856|2023-07-08 11:01:31
half-price|27574|2023-07-08 11:01:31
half-price|245573|2023-07-08 11:01:31
half-price|92589|2023-07-08 11:01:31
half-price|310694|2023-07-08 11:01:31
half-price|30825|2023-07-08 11:01:31
half-price|320104|2023-07-08 11:01:31
half-price|47011|2023-07-08 11:01:31
half-price|77750|2023-07-08 11:01:31
half-price|253760|2023-07-08 11:01:31
half-price|663986|2023-07-08 11:01:31
half-price|855572|2023-07-08 11:01:31
half-price|252264|2023-07-08 11:01:31
half-price|135984|2023-07-08 11:01:31
half-price|203073|2023-07-08 11:01:31
half-price|163996|2023-07-08 11:01:31
half-price|855571|2023-07-08 11:01:31
half-price|429224|2023-07-08 11:01:31
half-price|105018|2023-07-08 11:01:31
half-price|186164|2023-07-08 11:01:31
half-price|253762|2023-07-08 11:01:31
half-price|46795|2023-07-08 11:01:31
half-price|618616|2023-07-08 11:01:31
half-price|45795|2023-07-08 11:01:31
half-price|330959|2023-07-08 11:01:31
half-price|253766|2023-07-08 11:01:31
half-price|320103|2023-07-08 11:01:31
half-price|144283|2023-07-08 11:01:31
half-price|45777|2023-07-08 11:01:31
half-price|204677|2023-07-08 11:01:31
half-price|98390|2023-07-08 11:01:31
half-price|144709|2023-07-08 11:01:31
half-price|855581|2023-07-08 11:01:31
half-price|245581|2023-07-08 11:01:31
half-price|370259|2023-07-08 11:01:31
half-price|247332|2023-07-08 11:01:31
half-price|641523|2023-07-08 11:01:31
half-price|200150|2023-07-08 11:01:31
half-price|253828|2023-07-08 11:01:31
half-price|330993|2023-07-08 11:01:31
half-price|321815|2023-07-08 11:01:31
half-price|58657|2023-07-08 11:01:31
half-price|253811|2023-07-08 11:01:31
half-price|65270|2023-07-08 11:01:31
half-price|44861|2023-07-08 11:01:31
half-price|370631|2023-07-08 11:01:31
half-price|89121|2023-07-08 11:01:31
half-price|172643|2023-07-08 11:01:31
half-price|200160|2023-07-08 11:01:31
half-price|620646|2023-07-08 11:01:31
half-price|624144|2023-07-08 11:01:31
half-price|113875|2023-07-08 11:01:31
half-price|330962|2023-07-08 11:01:31
half-price|370260|2023-07-08 11:01:31
half-price|45931|2023-07-08 11:01:31
half-price|321800|2023-07-08 11:01:31
half-price|200229|2023-07-08 11:01:31
half-price|236128|2023-07-08 11:01:31
half-price|118040|2023-07-08 11:01:31
half-price|83117|2023-07-08 11:01:31
half-price|320499|2023-07-08 11:01:31
half-price|253771|2023-07-08 11:01:31
half-price|148364|2023-07-08 11:01:31
half-price|245580|2023-07-08 11:01:31
half-price|99542|2023-07-08 11:01:31
half-price|105017|2023-07-08 11:01:31
half-price|121164|2023-07-08 11:01:31
half-price|686983|2023-07-08 11:01:31
half-price|138419|2023-07-08 11:01:31
half-price|319826|2023-07-08 11:01:31
half-price|641242|2023-07-08 11:01:31
half-price|233495|2023-07-08 11:01:31
half-price|463854|2023-07-08 11:01:31
half-price|330964|2023-07-08 11:01:31
half-price|82540|2023-07-08 11:01:31
half-price|957684|2023-07-08 11:01:31
half-price|272088|2023-07-08 11:01:31
half-price|147406|2023-07-08 11:01:31
half-price|199741|2023-07-08 11:01:31
half-price|167572|2023-07-08 11:01:31
half-price|486585|2023-07-08 11:01:31
half-price|200345|2023-07-08 11:01:31
half-price|576362|2023-07-08 11:01:31
half-price|204987|2023-07-08 11:01:31
half-price|230736|2023-07-08 11:01:31
half-price|16119|2023-07-08 11:01:31
half-price|641258|2023-07-08 11:01:31
half-price|78656|2023-07-08 11:01:31
half-price|165192|2023-07-08 11:01:31
half-price|330967|2023-07-08 11:01:31
half-price|245575|2023-07-08 11:01:31
half-price|148885|2023-07-08 11:01:31
half-price|77341|2023-07-08 11:01:31
half-price|6354|2023-07-08 11:01:31
half-price|200179|2023-07-08 11:01:31
half-price|765451|2023-07-08 11:01:31
half-price|213345|2023-07-08 11:01:31
half-price|823940|2023-07-08 11:01:31
half-price|558261|2023-07-08 11:01:31
half-price|823943|2023-07-08 11:01:31
half-price|77342|2023-07-08 11:01:31
half-price|84604|2023-07-08 11:01:31
half-price|253773|2023-07-08 11:01:31
half-price|200904|2023-07-08 11:01:31
half-price|576360|2023-07-08 11:01:31
half-price|505443|2023-07-08 11:01:31
half-price|3158|2023-07-08 11:01:31
half-price|684256|2023-07-08 11:01:31
half-price|96190|2023-07-08 11:01:31
half-price|263373|2023-07-08 11:01:31
half-price|138414|2023-07-08 11:01:31
half-price|205696|2023-07-08 11:01:31
half-price|62318|2023-07-08 11:01:31
half-price|320105|2023-07-08 11:01:31
half-price|149866|2023-07-08 11:01:31
half-price|86297|2023-07-08 11:01:31
half-price|141938|2023-07-08 11:01:31
half-price|679254|2023-07-08 11:01:31
half-price|200992|2023-07-08 11:01:31
half-price|927666|2023-07-08 11:01:31
half-price|147588|2023-07-08 11:01:31
half-price|320108|2023-07-08 11:01:31
half-price|148976|2023-07-08 11:01:31
half-price|370532|2023-07-08 11:01:31
half-price|846809|2023-07-08 11:01:31
half-price|730333|2023-07-08 11:01:31
half-price|34222|2023-07-08 11:01:31
half-price|277655|2023-07-08 11:01:31
half-price|343469|2023-07-08 11:01:31
half-price|225067|2023-07-08 11:01:31
half-price|205077|2023-07-08 11:01:31
half-price|254450|2023-07-08 11:01:31
half-price|200973|2023-07-08 11:01:31
half-price|263343|2023-07-08 11:01:31
half-price|813898|2023-07-08 11:01:31
half-price|468552|2023-07-08 11:01:31
half-price|26895|2023-07-08 11:01:31
half-price|143227|2023-07-08 11:01:31
half-price|243970|2023-07-08 11:01:31
half-price|310714|2023-07-08 11:01:31
half-price|98368|2023-07-08 11:01:31
half-price|813895|2023-07-08 11:01:31
half-price|150501|2023-07-08 11:01:31
half-price|200849|2023-07-08 11:01:31
half-price|142359|2023-07-08 11:01:31
half-price|98372|2023-07-08 11:01:31
half-price|85697|2023-07-08 11:01:31
half-price|168814|2023-07-08 11:01:31
half-price|230839|2023-07-08 11:01:31
half-price|157929|2023-07-08 11:01:31
half-price|320106|2023-07-08 11:01:31
half-price|143353|2023-07-08 11:01:31
half-price|20732|2023-07-08 11:01:31
half-price|726133|2023-07-08 11:01:31
half-price|208111|2023-07-08 11:01:31
half-price|620647|2023-07-08 11:01:31
half-price|730351|2023-07-08 11:01:31
half-price|201004|2023-07-08 11:01:31
half-price|137928|2023-07-08 11:01:31
half-price|138425|2023-07-08 11:01:31
half-price|150502|2023-07-08 11:01:31
half-price|820433|2023-07-08 11:01:31
half-price|844412|2023-07-08 11:01:31
half-price|88756|2023-07-08 11:01:31
half-price|199838|2023-07-08 11:01:31
half-price|471182|2023-07-08 11:01:31
half-price|262845|2023-07-08 11:01:31
half-price|229605|2023-07-08 11:01:31
half-price|816654|2023-07-08 11:01:31
half-price|345982|2023-07-08 11:01:31
half-price|200819|2023-07-08 11:01:31
half-price|275826|2023-07-08 11:01:31
half-price|92702|2023-07-08 11:01:31
half-price|120022|2023-07-08 11:01:31
half-price|157930|2023-07-08 11:01:31
half-price|202666|2023-07-08 11:01:31
half-price|60425|2023-07-08 11:01:31
half-price|730360|2023-07-08 11:01:31
half-price|136622|2023-07-08 11:01:31
half-price|142709|2023-07-08 11:01:31
half-price|159196|2023-07-08 11:01:31
half-price|92311|2023-07-08 11:01:31
half-price|205349|2023-07-08 11:01:31
half-price|206964|2023-07-08 11:01:31
half-price|726244|2023-07-08 11:01:31
half-price|686985|2023-07-08 11:01:31
half-price|726124|2023-07-08 11:01:31
half-price|204827|2023-07-08 11:01:31
half-price|726143|2023-07-08 11:01:31
half-price|8877|2023-07-08 11:01:31
half-price|607942|2023-07-08 11:01:31
half-price|148396|2023-07-08 11:01:31
half-price|271858|2023-07-08 11:01:31
half-price|8896|2023-07-08 11:01:31
half-price|813897|2023-07-08 11:01:31
half-price|220016|2023-07-08 11:01:31
half-price|92057|2023-07-08 11:01:31
half-price|320102|2023-07-08 11:01:31
half-price|813896|2023-07-08 11:01:31
half-price|147398|2023-07-08 11:01:31
half-price|468551|2023-07-08 11:01:31
half-price|588994|2023-07-08 11:01:31
half-price|430650|2023-07-08 11:01:31
half-price|610125|2023-07-08 11:01:31
half-price|726089|2023-07-08 11:01:31
half-price|324126|2023-07-08 11:01:31
half-price|271779|2023-07-08 11:01:31
half-price|8874|2023-07-08 11:01:31
half-price|325771|2023-07-08 11:01:31
half-price|85593|2023-07-08 11:01:31
half-price|705239|2023-07-08 11:01:31
half-price|641891|2023-07-08 11:01:31
half-price|705838|2023-07-08 11:01:31
half-price|245579|2023-07-08 11:01:31
half-price|277935|2023-07-08 11:01:31
half-price|715904|2023-07-08 11:01:31
half-price|88411|2023-07-08 11:01:31
half-price|142334|2023-07-08 11:01:31
half-price|208112|2023-07-08 11:01:31
half-price|627658|2023-07-08 11:01:31
half-price|843820|2023-07-08 11:01:31
half-price|262414|2023-07-08 11:01:31
half-price|686984|2023-07-08 11:01:31
half-price|725020|2023-07-08 11:01:31
half-price|66363|2023-07-08 11:01:31
half-price|275279|2023-07-08 11:01:31
half-price|200856|2023-07-08 11:01:31
half-price|143791|2023-07-08 11:01:31
half-price|307933|2023-07-08 11:01:31
half-price|153407|2023-07-08 11:01:31
half-price|92503|2023-07-08 11:01:31
half-price|107521|2023-07-08 11:01:31
half-price|817370|2023-07-08 11:01:31
half-price|725005|2023-07-08 11:01:31
half-price|814598|2023-07-08 11:01:31
half-price|68184|2023-07-08 11:01:31
half-price|324756|2023-07-08 11:01:31
half-price|19439|2023-07-08 11:01:31
half-price|210616|2023-07-08 11:01:31
half-price|206396|2023-07-08 11:01:31
half-price|199821|2023-07-08 11:01:31
half-price|820528|2023-07-08 11:01:31
half-price|634831|2023-07-08 11:01:31
half-price|384044|2023-07-08 11:01:31
half-price|780739|2023-07-08 11:01:31
half-price|236072|2023-07-08 11:01:31
half-price|193699|2023-07-08 11:01:31
half-price|715669|2023-07-08 11:01:31
half-price|83607|2023-07-08 11:01:31
half-price|573381|2023-07-08 11:01:31
half-price|725753|2023-07-08 11:01:31
half-price|71541|2023-07-08 11:01:31
half-price|23597|2023-07-08 11:01:31
half-price|636655|2023-07-08 11:01:31
half-price|260996|2023-07-08 11:01:31
half-price|852217|2023-07-08 11:01:31
half-price|254664|2023-07-08 11:01:31
half-price|258051|2023-07-08 11:01:31
half-price|178867|2023-07-08 11:01:31
half-price|114683|2023-07-08 11:01:31
half-price|308701|2023-07-08 11:01:31
half-price|71611|2023-07-08 11:01:31
half-price|155033|2023-07-08 11:01:31
half-price|259500|2023-07-08 11:01:31
half-price|819289|2023-07-08 11:01:31
half-price|157009|2023-07-08 11:01:31
half-price|235525|2023-07-08 11:01:31
half-price|147940|2023-07-08 11:01:31
half-price|203220|2023-07-08 11:01:31
half-price|206893|2023-07-08 11:01:31
half-price|37174|2023-07-08 11:01:31
half-price|164564|2023-07-08 11:01:31
half-price|80121|2023-07-08 11:01:31
half-price|272190|2023-07-08 11:01:31
half-price|189746|2023-07-08 11:01:31
half-price|259609|2023-07-08 11:01:31
half-price|375733|2023-07-08 11:01:31
half-price|147727|2023-07-08 11:01:31
half-price|213893|2023-07-08 11:01:31
half-price|881471|2023-07-08 11:01:31
half-price|855455|2023-07-08 11:01:31
half-price|681092|2023-07-08 11:01:31
half-price|84869|2023-07-08 11:01:31
half-price|699140|2023-07-08 11:01:31
half-price|828148|2023-07-08 11:01:31
half-price|642034|2023-07-08 11:01:31
half-price|263729|2023-07-08 11:01:31
half-price|635753|2023-07-08 11:01:31
half-price|627674|2023-07-08 11:01:31
half-price|819294|2023-07-08 11:01:31
half-price|189581|2023-07-08 11:01:31
half-price|152707|2023-07-08 11:01:31
half-price|282626|2023-07-08 11:01:31
half-price|6571|2023-07-08 11:01:31
half-price|741540|2023-07-08 11:01:31
half-price|572424|2023-07-08 11:01:31
half-price|322292|2023-07-08 11:01:31
half-price|572423|2023-07-08 11:01:31
half-price|200074|2023-07-08 11:01:31
half-price|138426|2023-07-08 11:01:31
half-price|725006|2023-07-08 11:01:31
half-price|169777|2023-07-08 11:01:31
half-price|78638|2023-07-08 11:01:31
half-price|75678|2023-07-08 11:01:31
half-price|268314|2023-07-08 11:01:31
half-price|221677|2023-07-08 11:01:31
half-price|365954|2023-07-08 11:01:31
half-price|256866|2023-07-08 11:01:31
half-price|1793|2023-07-08 11:01:31
half-price|260691|2023-07-08 11:01:31
half-price|726207|2023-07-08 11:01:31
half-price|138418|2023-07-08 11:01:31
half-price|222905|2023-07-08 11:01:31
half-price|231984|2023-07-08 11:01:31
half-price|202978|2023-07-08 11:01:31
half-price|790810|2023-07-08 11:01:31
half-price|232664|2023-07-08 11:01:31
half-price|262888|2023-07-08 11:01:31
half-price|33782|2023-07-08 11:01:31
half-price|119985|2023-07-08 11:01:31
half-price|205300|2023-07-08 11:01:31
half-price|780703|2023-07-08 11:01:31
half-price|119793|2023-07-08 11:01:31
half-price|634744|2023-07-08 11:01:31
half-price|88419|2023-07-08 11:01:31
half-price|205740|2023-07-08 11:01:31
half-price|106331|2023-07-08 11:01:31
half-price|365976|2023-07-08 11:01:31
half-price|85596|2023-07-08 11:01:31
half-price|158593|2023-07-08 11:01:31
half-price|232241|2023-07-08 11:01:31
half-price|78350|2023-07-08 11:01:31
half-price|233611|2023-07-08 11:01:31
half-price|120032|2023-07-08 11:01:31
half-price|508517|2023-07-08 11:01:31
half-price|771858|2023-07-08 11:01:31
half-price|194015|2023-07-08 11:01:31
half-price|85594|2023-07-08 11:01:31
half-price|164000|2023-07-08 11:01:31
half-price|609556|2023-07-08 11:01:31
half-price|258015|2023-07-08 11:01:31
half-price|221477|2023-07-08 11:01:31
half-price|88532|2023-07-08 11:01:31
half-price|220014|2023-07-08 11:01:31
half-price|681065|2023-07-08 11:01:31
half-price|486575|2023-07-08 11:01:31
half-price|308409|2023-07-08 11:01:31
half-price|234173|2023-07-08 11:01:31
half-price|138421|2023-07-08 11:01:31
half-price|75773|2023-07-08 11:01:31
half-price|659939|2023-07-08 11:01:31
half-price|726260|2023-07-08 11:01:31
half-price|273642|2023-07-08 11:01:31
half-price|152240|2023-07-08 11:01:31
half-price|221693|2023-07-08 11:01:31
half-price|85470|2023-07-08 11:01:31
half-price|223426|2023-07-08 11:01:31
half-price|257667|2023-07-08 11:01:31
half-price|780751|2023-07-08 11:01:31
half-price|143880|2023-07-08 11:01:31
half-price|271874|2023-07-08 11:01:31
half-price|172278|2023-07-08 11:01:31
half-price|204700|2023-07-08 11:01:31
half-price|134879|2023-07-08 11:01:31
half-price|686551|2023-07-08 11:01:31
half-price|994814|2023-07-08 11:01:31
half-price|234352|2023-07-08 11:01:31
half-price|705839|2023-07-08 11:01:31
half-price|272786|2023-07-08 11:01:31
half-price|325774|2023-07-08 11:01:31
half-price|86527|2023-07-08 11:01:31
half-price|725754|2023-07-08 11:01:31
half-price|254451|2023-07-08 11:01:31
half-price|376590|2023-07-08 11:01:31
half-price|192702|2023-07-08 11:01:31
half-price|53739|2023-07-08 11:01:31
half-price|994726|2023-07-08 11:01:31
half-price|114682|2023-07-08 11:01:31
half-price|137971|2023-07-08 11:01:31
half-price|892988|2023-07-08 11:01:31
half-price|164043|2023-07-08 11:01:31
half-price|247792|2023-07-08 11:01:31
half-price|828200|2023-07-08 11:01:31
half-price|726224|2023-07-08 11:01:31
half-price|151071|2023-07-08 11:01:31
half-price|633610|2023-07-08 11:01:31
half-price|825625|2023-07-08 11:01:31
half-price|791397|2023-07-08 11:01:31
half-price|96696|2023-07-08 11:01:31
half-price|147667|2023-07-08 11:01:31
half-price|178818|2023-07-08 11:01:31
half-price|198131|2023-07-08 11:01:31
half-price|220015|2023-07-08 11:01:31
half-price|247434|2023-07-08 11:01:31
half-price|460962|2023-07-08 11:01:31
half-price|272597|2023-07-08 11:01:31
half-price|280546|2023-07-08 11:01:31
half-price|380945|2023-07-08 11:01:31
half-price|894475|2023-07-08 11:01:31
half-price|828923|2023-07-08 11:01:31
half-price|134174|2023-07-08 11:01:31
half-price|138404|2023-07-08 11:01:31
half-price|205356|2023-07-08 11:01:31
half-price|215238|2023-07-08 11:01:31
half-price|89050|2023-07-08 11:01:31
half-price|307716|2023-07-08 11:01:31
half-price|247435|2023-07-08 11:01:31
half-price|65424|2023-07-08 11:01:31
half-price|79512|2023-07-08 11:01:31
half-price|162559|2023-07-08 11:01:31
half-price|649152|2023-07-08 11:01:31
half-price|627673|2023-07-08 11:01:31
half-price|726251|2023-07-08 11:01:31
half-price|699861|2023-07-08 11:01:31
half-price|157662|2023-07-08 11:01:31
half-price|270821|2023-07-08 11:01:31
half-price|159325|2023-07-08 11:01:31
half-price|153217|2023-07-08 11:01:31
half-price|609563|2023-07-08 11:01:31
half-price|702125|2023-07-08 11:01:31
half-price|108567|2023-07-08 11:01:31
half-price|307677|2023-07-08 11:01:31
half-price|740162|2023-07-08 11:01:31
half-price|107085|2023-07-08 11:01:31
half-price|155345|2023-07-08 11:01:31
half-price|178449|2023-07-08 11:01:31
half-price|365978|2023-07-08 11:01:31
half-price|339038|2023-07-08 11:01:31
half-price|232667|2023-07-08 11:01:31
half-price|85468|2023-07-08 11:01:31
half-price|78648|2023-07-08 11:01:31
half-price|600932|2023-07-08 11:01:31
half-price|202333|2023-07-08 11:01:31
half-price|154432|2023-07-08 11:01:31
half-price|196754|2023-07-08 11:01:31
half-price|230867|2023-07-08 11:01:31
half-price|78662|2023-07-08 11:01:31
half-price|86565|2023-07-08 11:01:31
half-price|827709|2023-07-08 11:01:31
half-price|207593|2023-07-08 11:01:31
half-price|981020|2023-07-08 11:01:31
half-price|263456|2023-07-08 11:01:31
half-price|147354|2023-07-08 11:01:31
half-price|223482|2023-07-08 11:01:31
half-price|85598|2023-07-08 11:01:31
half-price|78641|2023-07-08 11:01:31
half-price|740163|2023-07-08 11:01:31
half-price|365915|2023-07-08 11:01:31
half-price|634745|2023-07-08 11:01:31
half-price|855768|2023-07-08 11:01:31
half-price|143789|2023-07-08 11:01:31
half-price|365916|2023-07-08 11:01:31
half-price|247724|2023-07-08 11:01:31
half-price|239845|2023-07-08 11:01:31
half-price|633067|2023-07-08 11:01:31
half-price|852238|2023-07-08 11:01:31
half-price|258736|2023-07-08 11:01:31
half-price|365873|2023-07-08 11:01:31
half-price|198995|2023-07-08 11:01:31
half-price|147684|2023-07-08 11:01:31
half-price|678276|2023-07-08 11:01:31
half-price|726290|2023-07-08 11:01:31
half-price|191711|2023-07-08 11:01:31
half-price|322104|2023-07-08 11:01:31
half-price|138428|2023-07-08 11:01:31
half-price|215240|2023-07-08 11:01:31
half-price|138427|2023-07-08 11:01:31
half-price|233149|2023-07-08 11:01:31
half-price|189167|2023-07-08 11:01:31
half-price|204786|2023-07-08 11:01:31
half-price|242936|2023-07-08 11:01:31
half-price|63850|2023-07-08 11:01:31
half-price|365918|2023-07-08 11:01:31
half-price|486567|2023-07-08 11:01:31
half-price|892991|2023-07-08 11:01:31
half-price|140511|2023-07-08 11:01:31
half-price|66494|2023-07-08 11:01:31
half-price|726227|2023-07-08 11:01:31
half-price|627659|2023-07-08 11:01:31
half-price|423310|2023-07-08 11:01:31
half-price|271876|2023-07-08 11:01:31
half-price|6370|2023-07-08 11:01:31
half-price|140777|2023-07-08 11:01:31
half-price|365958|2023-07-08 11:01:31
half-price|147736|2023-07-08 11:01:31
half-price|158592|2023-07-08 11:01:31
half-price|159844|2023-07-08 11:01:31
half-price|138408|2023-07-08 11:01:31
half-price|123421|2023-07-08 11:01:31
half-price|829190|2023-07-08 11:01:31
half-price|763009|2023-07-08 11:01:31
half-price|184401|2023-07-08 11:01:31
half-price|634747|2023-07-08 11:01:31
half-price|296214|2023-07-08 11:01:31
half-price|113597|2023-07-08 11:01:31
half-price|134505|2023-07-08 11:01:31
half-price|84912|2023-07-08 11:01:31
half-price|376591|2023-07-08 11:01:31
half-price|119833|2023-07-08 11:01:31
half-price|237613|2023-07-08 11:01:31
half-price|138409|2023-07-08 11:01:31
half-price|188008|2023-07-08 11:01:31
half-price|223016|2023-07-08 11:01:31
half-price|365870|2023-07-08 11:01:31
half-price|61135|2023-07-08 11:01:31
half-price|365977|2023-07-08 11:01:31
half-price|756767|2023-07-08 11:01:31
half-price|277767|2023-07-08 11:01:31
half-price|136231|2023-07-08 11:01:31
half-price|153979|2023-07-08 11:01:31
half-price|125500|2023-07-08 11:01:31
half-price|267117|2023-07-08 11:01:31
half-price|661046|2023-07-08 11:01:31
half-price|78659|2023-07-08 11:01:31
half-price|672551|2023-07-08 11:01:31
half-price|254901|2023-07-08 11:01:31
half-price|324630|2023-07-08 11:01:31
half-price|365926|2023-07-08 11:01:31
half-price|85695|2023-07-08 11:01:31
half-price|486571|2023-07-08 11:01:31
half-price|120062|2023-07-08 11:01:31
half-price|138406|2023-07-08 11:01:31
half-price|601150|2023-07-08 11:01:31
half-price|688099|2023-07-08 11:01:31
half-price|852404|2023-07-08 11:01:31
half-price|705310|2023-07-08 11:01:31
half-price|688220|2023-07-08 11:01:31
half-price|164585|2023-07-08 11:01:31
half-price|726226|2023-07-08 11:01:31
half-price|136616|2023-07-08 11:01:31
half-price|137582|2023-07-08 11:01:31
half-price|258122|2023-07-08 11:01:31
half-price|692976|2023-07-08 11:01:31
half-price|168379|2023-07-08 11:01:31
half-price|751016|2023-07-08 11:01:31
half-price|81499|2023-07-08 11:01:31
half-price|114488|2023-07-08 11:01:31
half-price|203317|2023-07-08 11:01:31
half-price|365944|2023-07-08 11:01:31
half-price|85592|2023-07-08 11:01:31
half-price|633790|2023-07-08 11:01:31
half-price|571823|2023-07-08 11:01:31
half-price|702124|2023-07-08 11:01:31
half-price|92512|2023-07-08 11:01:31
half-price|726243|2023-07-08 11:01:31
half-price|196997|2023-07-08 11:01:31
half-price|676209|2023-07-08 11:01:31
half-price|174986|2023-07-08 11:01:31
half-price|61689|2023-07-08 11:01:31
half-price|840221|2023-07-08 11:01:31
half-price|301062|2023-07-08 11:01:31
half-price|111360|2023-07-08 11:01:31
half-price|342853|2023-07-08 11:01:31
half-price|815330|2023-07-08 11:01:31
half-price|85599|2023-07-08 11:01:31
half-price|699862|2023-07-08 11:01:31
half-price|141884|2023-07-08 11:01:31
half-price|749278|2023-07-08 11:01:31
half-price|138412|2023-07-08 11:01:31
half-price|132864|2023-07-08 11:01:31
half-price|251128|2023-07-08 11:01:31
half-price|214108|2023-07-08 11:01:31
half-price|365946|2023-07-08 11:01:31
half-price|236714|2023-07-08 11:01:31
half-price|233817|2023-07-08 11:01:31
half-price|196153|2023-07-08 11:01:31
half-price|884137|2023-07-08 11:01:31
half-price|114573|2023-07-08 11:01:31
half-price|820441|2023-07-08 11:01:31
half-price|820036|2023-07-08 11:01:31
half-price|122219|2023-07-08 11:01:31
half-price|634832|2023-07-08 11:01:31
half-price|689926|2023-07-08 11:01:31
half-price|820122|2023-07-08 11:01:31
half-price|114319|2023-07-08 11:01:31
half-price|816021|2023-07-08 11:01:31
half-price|878740|2023-07-08 11:01:31
half-price|299542|2023-07-08 11:01:31
half-price|253606|2023-07-08 11:01:31
half-price|276191|2023-07-08 11:01:31
half-price|62555|2023-07-08 11:01:31
half-price|296815|2023-07-08 11:01:31
half-price|202821|2023-07-08 11:01:31
half-price|210746|2023-07-08 11:01:31
half-price|59318|2023-07-08 11:01:31
half-price|147388|2023-07-08 11:01:31
half-price|258417|2023-07-08 11:01:31
half-price|279996|2023-07-08 11:01:31
half-price|771770|2023-07-08 11:01:31
half-price|174913|2023-07-08 11:01:31
half-price|229405|2023-07-08 11:01:31
half-price|173152|2023-07-08 11:01:31
half-price|254671|2023-07-08 11:01:31
half-price|84979|2023-07-08 11:01:31
half-price|85469|2023-07-08 11:01:31
half-price|13426|2023-07-08 11:01:31
half-price|198795|2023-07-08 11:01:31
half-price|185522|2023-07-08 11:01:31
half-price|138402|2023-07-08 11:01:31
half-price|828241|2023-07-08 11:01:31
half-price|747838|2023-07-08 11:01:31
half-price|88330|2023-07-08 11:01:31
half-price|810344|2023-07-08 11:01:31
half-price|294622|2023-07-08 11:01:31
half-price|270331|2023-07-08 11:01:31
half-price|272748|2023-07-08 11:01:31
half-price|463900|2023-07-08 11:01:31
half-price|157512|2023-07-08 11:01:31
half-price|165291|2023-07-08 11:01:31
half-price|815317|2023-07-08 11:01:31
half-price|211554|2023-07-08 11:01:31
half-price|227754|2023-07-08 11:01:31
half-price|213235|2023-07-08 11:01:31
half-price|105031|2023-07-08 11:01:31
half-price|495443|2023-07-08 11:01:31
half-price|878798|2023-07-08 11:01:31
half-price|672552|2023-07-08 11:01:31
half-price|203763|2023-07-08 11:01:31
half-price|749341|2023-07-08 11:01:31
half-price|152329|2023-07-08 11:01:31
half-price|203496|2023-07-08 11:01:31
half-price|239469|2023-07-08 11:01:31
half-price|197353|2023-07-08 11:01:31
half-price|422457|2023-07-08 11:01:31
half-price|365951|2023-07-08 11:01:31
half-price|78657|2023-07-08 11:01:31
half-price|154950|2023-07-08 11:01:31
half-price|932580|2023-07-08 11:01:31
half-price|83283|2023-07-08 11:01:31
half-price|205074|2023-07-08 11:01:31
half-price|103807|2023-07-08 11:01:31
half-price|57127|2023-07-08 11:01:31
half-price|79095|2023-07-08 11:01:31
half-price|276189|2023-07-08 11:01:31
half-price|171194|2023-07-08 11:01:31
half-price|637616|2023-07-08 11:01:31
half-price|206052|2023-07-08 11:01:31
half-price|429223|2023-07-08 11:01:31
half-price|222638|2023-07-08 11:01:31
half-price|174866|2023-07-08 11:01:31
half-price|567557|2023-07-08 11:01:31
half-price|83973|2023-07-08 11:01:31
half-price|276040|2023-07-08 11:01:31
half-price|122316|2023-07-08 11:01:31
half-price|820431|2023-07-08 11:01:31
half-price|248761|2023-07-08 11:01:31
half-price|258158|2023-07-08 11:01:31
half-price|205750|2023-07-08 11:01:31
half-price|152536|2023-07-08 11:01:31
half-price|264658|2023-07-08 11:01:31
half-price|197028|2023-07-08 11:01:31
half-price|365919|2023-07-08 11:01:31
half-price|798179|2023-07-08 11:01:31
half-price|176602|2023-07-08 11:01:31
half-price|62470|2023-07-08 11:01:31
half-price|173006|2023-07-08 11:01:31
half-price|301051|2023-07-08 11:01:31
half-price|633791|2023-07-08 11:01:31
half-price|550039|2023-07-08 11:01:31
half-price|62553|2023-07-08 11:01:31
half-price|80168|2023-07-08 11:01:31
half-price|206033|2023-07-08 11:01:31
half-price|109280|2023-07-08 11:01:31
half-price|183990|2023-07-08 11:01:31
half-price|820120|2023-07-08 11:01:31
half-price|112924|2023-07-08 11:01:31
half-price|288952|2023-07-08 11:01:31
half-price|825590|2023-07-08 11:01:31
half-price|186665|2023-07-08 11:01:31
half-price|678247|2023-07-08 11:01:31
half-price|139504|2023-07-08 11:01:31
half-price|878745|2023-07-08 11:01:31
half-price|235558|2023-07-08 11:01:31
half-price|15882|2023-07-08 11:01:31
half-price|164813|2023-07-08 11:01:31
half-price|355054|2023-07-08 11:01:31
half-price|204699|2023-07-08 11:01:31
half-price|339043|2023-07-08 11:01:31
half-price|184866|2023-07-08 11:01:31
half-price|289212|2023-07-08 11:01:31
half-price|134710|2023-07-08 11:01:31
half-price|198966|2023-07-08 11:01:31
half-price|140881|2023-07-08 11:01:31
half-price|229092|2023-07-08 11:01:31
half-price|532342|2023-07-08 11:01:31
half-price|821705|2023-07-08 11:01:31
half-price|460956|2023-07-08 11:01:31
half-price|820121|2023-07-08 11:01:31
half-price|228170|2023-07-08 11:01:31
half-price|198887|2023-07-08 11:01:31
half-price|107495|2023-07-08 11:01:31
half-price|300878|2023-07-08 11:01:31
half-price|198119|2023-07-08 11:01:31
half-price|267304|2023-07-08 11:01:31
half-price|82587|2023-07-08 11:01:31
half-price|256205|2023-07-08 11:01:31
half-price|229200|2023-07-08 11:01:31
half-price|78100|2023-07-08 11:01:31
half-price|149905|2023-07-08 11:01:31
half-price|223424|2023-07-08 11:01:31
half-price|235571|2023-07-08 11:01:31
half-price|168997|2023-07-08 11:01:31
half-price|197029|2023-07-08 11:01:31
half-price|239454|2023-07-08 11:01:31
half-price|189197|2023-07-08 11:01:31
half-price|266354|2023-07-08 11:01:31
half-price|215480|2023-07-08 11:01:31
half-price|463899|2023-07-08 11:01:31
half-price|975951|2023-07-08 11:01:31
half-price|201357|2023-07-08 11:01:31
half-price|198980|2023-07-08 11:01:31
half-price|296181|2023-07-08 11:01:31
half-price|236809|2023-07-08 11:01:31
half-price|376108|2023-07-08 11:01:31
half-price|495523|2023-07-08 11:01:31
half-price|198952|2023-07-08 11:01:31
half-price|265070|2023-07-08 11:01:31
half-price|90711|2023-07-08 11:01:31
half-price|62469|2023-07-08 11:01:31
half-price|78183|2023-07-08 11:01:31
half-price|339045|2023-07-08 11:01:31
half-price|771942|2023-07-08 11:01:31
half-price|13365|2023-07-08 11:01:31
half-price|788636|2023-07-08 11:01:31
half-price|191713|2023-07-08 11:01:31
half-price|289202|2023-07-08 11:01:31
half-price|196105|2023-07-08 11:01:31
half-price|858432|2023-07-08 11:01:31
half-price|223816|2023-07-08 11:01:31
half-price|214146|2023-07-08 11:01:31
half-price|649151|2023-07-08 11:01:31
half-price|244881|2023-07-08 11:01:31
half-price|102727|2023-07-08 11:01:31
half-price|495543|2023-07-08 11:01:31
half-price|176005|2023-07-08 11:01:31
half-price|199034|2023-07-08 11:01:31
half-price|495442|2023-07-08 11:01:31
half-price|172243|2023-07-08 11:01:31
half-price|263340|2023-07-08 11:01:31
half-price|656907|2023-07-08 11:01:31
half-price|196998|2023-07-08 11:01:31
half-price|197128|2023-07-08 11:01:31
half-price|198235|2023-07-08 11:01:31
half-price|15875|2023-07-08 11:01:31
half-price|223711|2023-07-08 11:01:31
half-price|269083|2023-07-08 11:01:31
half-price|689942|2023-07-08 11:01:31
half-price|818393|2023-07-08 11:01:31
half-price|46819|2023-07-08 11:01:31
half-price|267724|2023-07-08 11:01:31
half-price|197099|2023-07-08 11:01:31
half-price|15833|2023-07-08 11:01:31
half-price|221081|2023-07-08 11:01:31
half-price|172804|2023-07-08 11:01:31
half-price|219705|2023-07-08 11:01:31
half-price|294756|2023-07-08 11:01:31
half-price|267391|2023-07-08 11:01:31
half-price|203325|2023-07-08 11:01:31
half-price|208889|2023-07-08 11:01:31
half-price|229462|2023-07-08 11:01:31
half-price|51658|2023-07-08 11:01:31
half-price|265598|2023-07-08 11:01:31
half-price|616734|2023-07-08 11:01:31
half-price|197743|2023-07-08 11:01:31
half-price|244267|2023-07-08 11:01:31
half-price|62471|2023-07-08 11:01:31
half-price|278042|2023-07-08 11:01:31
half-price|166924|2023-07-08 11:01:31
half-price|268632|2023-07-08 11:01:31
half-price|168999|2023-07-08 11:01:31
half-price|270744|2023-07-08 11:01:31
half-price|122315|2023-07-08 11:01:31
half-price|168995|2023-07-08 11:01:31
half-price|141288|2023-07-08 11:01:31
half-price|196524|2023-07-08 11:01:31
half-price|234023|2023-07-08 11:01:31
half-price|515761|2023-07-08 11:01:31
half-price|201824|2023-07-08 11:01:31
half-price|13063|2023-07-08 11:01:31
half-price|258144|2023-07-08 11:01:31
half-price|198924|2023-07-08 11:01:31
half-price|198964|2023-07-08 11:01:31
half-price|256438|2023-07-08 11:01:31
half-price|156849|2023-07-08 11:01:31
half-price|230106|2023-07-08 11:01:31
half-price|265929|2023-07-08 11:01:31
half-price|140880|2023-07-08 11:01:31
half-price|798188|2023-07-08 11:01:31
half-price|85346|2023-07-08 11:01:31
half-price|267218|2023-07-08 11:01:31
half-price|239014|2023-07-08 11:01:31
half-price|689925|2023-07-08 11:01:31
half-price|265924|2023-07-08 11:01:31
half-price|266931|2023-07-08 11:01:31
half-price|263710|2023-07-08 11:01:31
half-price|288916|2023-07-08 11:01:31
half-price|216951|2023-07-08 11:01:31
half-price|975735|2023-07-08 11:01:31
half-price|243816|2023-07-08 11:01:31
half-price|271043|2023-07-08 11:01:31
half-price|601151|2023-07-08 11:01:31
half-price|214929|2023-07-08 11:01:31
half-price|778723|2023-07-08 11:01:31
half-price|229907|2023-07-08 11:01:31
half-price|169013|2023-07-08 11:01:31
half-price|630647|2023-07-08 11:01:31
half-price|227505|2023-07-08 11:01:31
half-price|301068|2023-07-08 11:01:31
half-price|89453|2023-07-08 11:01:31
half-price|46817|2023-07-08 11:01:31
half-price|160022|2023-07-08 11:01:31
half-price|216861|2023-07-08 11:01:31
half-price|197386|2023-07-08 11:01:31
half-price|503708|2023-07-08 11:01:31
half-price|256550|2023-07-08 11:01:31
half-price|229776|2023-07-08 11:01:31
half-price|268633|2023-07-08 11:01:31
half-price|288083|2023-07-08 11:01:31
half-price|108435|2023-07-08 11:01:31
half-price|301149|2023-07-08 11:01:31
half-price|237867|2023-07-08 11:01:31
half-price|219793|2023-07-08 11:01:31
half-price|155187|2023-07-08 11:01:31
half-price|265926|2023-07-08 11:01:31
half-price|141219|2023-07-08 11:01:31
half-price|217116|2023-07-08 11:01:31
half-price|885171|2023-07-08 11:01:31
half-price|244292|2023-07-08 11:01:31
half-price|243789|2023-07-08 11:01:31
half-price|198895|2023-07-08 11:01:31
half-price|683757|2023-07-08 11:01:31
half-price|304172|2023-07-08 11:01:31
half-price|112915|2023-07-08 11:01:31
half-price|229881|2023-07-08 11:01:31
half-price|265925|2023-07-08 11:01:31
half-price|176010|2023-07-08 11:01:31
half-price|196879|2023-07-08 11:01:31
half-price|272710|2023-07-08 11:01:31
half-price|270896|2023-07-08 11:01:31
half-price|229534|2023-07-08 11:01:31
half-price|748794|2023-07-08 11:01:31
half-price|159992|2023-07-08 11:01:31
half-price|725607|2023-07-08 11:01:31
half-price|203802|2023-07-08 11:01:31
half-price|256919|2023-07-08 11:01:31
half-price|196144|2023-07-08 11:01:31
half-price|196946|2023-07-08 11:01:31
half-price|237587|2023-07-08 11:01:31
half-price|198659|2023-07-08 11:01:31
half-price|189524|2023-07-08 11:01:31
half-price|89824|2023-07-08 11:01:31
half-price|256632|2023-07-08 11:01:31
half-price|205778|2023-07-08 11:01:31
half-price|257613|2023-07-08 11:01:31
half-price|197746|2023-07-08 11:01:31
half-price|229243|2023-07-08 11:01:31
half-price|198637|2023-07-08 11:01:31
half-price|111444|2023-07-08 11:01:31
half-price|119032|2023-07-08 11:01:31
half-price|155850|2023-07-08 11:01:31
half-price|220442|2023-07-08 11:01:31
half-price|54939|2023-07-08 11:01:31
half-price|255304|2023-07-08 11:01:31
half-price|789490|2023-07-08 11:01:31
half-price|197656|2023-07-08 11:01:31
half-price|266998|2023-07-08 11:01:31
half-price|270328|2023-07-08 11:01:31
half-price|198641|2023-07-08 11:01:31
half-price|199264|2023-07-08 11:01:31
half-price|229821|2023-07-08 11:01:31
half-price|245053|2023-07-08 11:01:31
half-price|637647|2023-07-08 11:01:31
half-price|227932|2023-07-08 11:01:31
half-price|219118|2023-07-08 11:01:31
half-price|265928|2023-07-08 11:01:31
half-price|306354|2023-07-08 11:01:31
half-price|306602|2023-07-08 11:01:31
half-price|198942|2023-07-08 11:01:31
half-price|309374|2023-07-08 11:01:31
half-price|179266|2023-07-08 11:01:31
half-price|196164|2023-07-08 11:01:31
half-price|308733|2023-07-08 11:01:31
half-price|270743|2023-07-08 11:01:31
half-price|197399|2023-07-08 11:01:31
half-price|119035|2023-07-08 11:01:31
half-price|626195|2023-07-08 11:01:31
half-price|294813|2023-07-08 11:01:31
half-price|309472|2023-07-08 11:01:31
half-price|58241|2023-07-08 11:01:31
half-price|160219|2023-07-08 11:01:31
half-price|155961|2023-07-08 11:01:31
half-price|244040|2023-07-08 11:01:31
half-price|216852|2023-07-08 11:01:31
half-price|219706|2023-07-08 11:01:31
half-price|212811|2023-07-08 11:01:31
half-price|197737|2023-07-08 11:01:31
half-price|198042|2023-07-08 11:01:31
half-price|683522|2023-07-08 11:01:31
half-price|524329|2023-07-08 11:01:31
half-price|141765|2023-07-08 11:01:31
half-price|270373|2023-07-08 11:01:31
half-price|309682|2023-07-08 11:01:31
half-price|301157|2023-07-08 11:01:31
half-price|306592|2023-07-08 11:01:31
half-price|309544|2023-07-08 11:01:31
buy-more-save-more|524322|2023-07-08 11:01:31
buy-more-save-more|820196|2023-07-08 11:01:31
buy-more-save-more|54900|2023-07-08 11:01:31
buy-more-save-more|544764|2023-07-08 11:01:31
buy-more-save-more|820199|2023-07-08 11:01:31
buy-more-save-more|820198|2023-07-08 11:01:31
buy-more-save-more|820810|2023-07-08 11:01:31
buy-more-save-more|162378|2023-07-08 11:01:31
buy-more-save-more|820197|2023-07-08 11:01:31
buy-more-save-more|705439|2023-07-08 11:01:31
buy-more-save-more|345305|2023-07-08 11:01:31
buy-more-save-more|453873|2023-07-08 11:01:31
buy-more-save-more|544697|2023-07-08 11:01:31
buy-more-save-more|544699|2023-07-08 11:01:31
buy-more-save-more|54241|2023-07-08 11:01:31
buy-more-save-more|820811|2023-07-08 11:01:31
buy-more-save-more|714823|2023-07-08 11:01:31
buy-more-save-more|544765|2023-07-08 11:01:31
buy-more-save-more|825120|2023-07-08 11:01:31
buy-more-save-more|775760|2023-07-08 11:01:31
buy-more-save-more|378031|2023-07-08 11:01:31
buy-more-save-more|187314|2023-07-08 11:01:31
buy-more-save-more|764264|2023-07-08 11:01:31
buy-more-save-more|345300|2023-07-08 11:01:31
buy-more-save-more|68488|2023-07-08 11:01:31
buy-more-save-more|703500|2023-07-08 11:01:31
buy-more-save-more|83534|2023-07-08 11:01:31
buy-more-save-more|680992|2023-07-08 11:01:31
buy-more-save-more|675490|2023-07-08 11:01:31
buy-more-save-more|345301|2023-07-08 11:01:31
buy-more-save-more|624768|2023-07-08 11:01:31
buy-more-save-more|90848|2023-07-08 11:01:31
buy-more-save-more|219268|2023-07-08 11:01:31
buy-more-save-more|446453|2023-07-08 11:01:31
buy-more-save-more|697368|2023-07-08 11:01:31
buy-more-save-more|544761|2023-07-08 11:01:31
buy-more-save-more|60058|2023-07-08 11:01:31
buy-more-save-more|822439|2023-07-08 11:01:31
buy-more-save-more|764321|2023-07-08 11:01:31
buy-more-save-more|182271|2023-07-08 11:01:31
buy-more-save-more|162379|2023-07-08 11:01:31
buy-more-save-more|807105|2023-07-08 11:01:31
buy-more-save-more|162393|2023-07-08 11:01:31
buy-more-save-more|68721|2023-07-08 11:01:31
buy-more-save-more|733123|2023-07-08 11:01:31
buy-more-save-more|182267|2023-07-08 11:01:31
buy-more-save-more|54381|2023-07-08 11:01:31
buy-more-save-more|186446|2023-07-08 11:01:31
buy-more-save-more|293630|2023-07-08 11:01:31
buy-more-save-more|926796|2023-07-08 11:01:31
buy-more-save-more|775759|2023-07-08 11:01:31
buy-more-save-more|345303|2023-07-08 11:01:31
buy-more-save-more|775734|2023-07-08 11:01:31
buy-more-save-more|135920|2023-07-08 11:01:31
buy-more-save-more|79619|2023-07-08 11:01:31
buy-more-save-more|375114|2023-07-08 11:01:31
buy-more-save-more|703502|2023-07-08 11:01:31
buy-more-save-more|162394|2023-07-08 11:01:31
buy-more-save-more|136273|2023-07-08 11:01:31
buy-more-save-more|84993|2023-07-08 11:01:31
buy-more-save-more|820459|2023-07-08 11:01:31
buy-more-save-more|113305|2023-07-08 11:01:31
buy-more-save-more|368726|2023-07-08 11:01:31
buy-more-save-more|868221|2023-07-08 11:01:31
buy-more-save-more|820458|2023-07-08 11:01:31
buy-more-save-more|552526|2023-07-08 11:01:31
buy-more-save-more|625155|2023-07-08 11:01:31
buy-more-save-more|87173|2023-07-08 11:01:31
buy-more-save-more|135932|2023-07-08 11:01:31
buy-more-save-more|205057|2023-07-08 11:01:31
buy-more-save-more|134830|2023-07-08 11:01:31
buy-more-save-more|235056|2023-07-08 11:01:31
buy-more-save-more|345304|2023-07-08 11:01:31
buy-more-save-more|446476|2023-07-08 11:01:31
buy-more-save-more|217099|2023-07-08 11:01:31
buy-more-save-more|446455|2023-07-08 11:01:31
buy-more-save-more|135936|2023-07-08 11:01:31
buy-more-save-more|674972|2023-07-08 11:01:31
buy-more-save-more|236699|2023-07-08 11:01:31
buy-more-save-more|162395|2023-07-08 11:01:31
buy-more-save-more|248933|2023-07-08 11:01:31
buy-more-save-more|857954|2023-07-08 11:01:31
buy-more-save-more|625156|2023-07-08 11:01:31
buy-more-save-more|674967|2023-07-08 11:01:31
buy-more-save-more|345635|2023-07-08 11:01:31
buy-more-save-more|88307|2023-07-08 11:01:31
buy-more-save-more|83820|2023-07-08 11:01:31
buy-more-save-more|840089|2023-07-08 11:01:31
buy-more-save-more|544760|2023-07-08 11:01:31
buy-more-save-more|172092|2023-07-08 11:01:31
buy-more-save-more|775724|2023-07-08 11:01:31
buy-more-save-more|233162|2023-07-08 11:01:31
buy-more-save-more|134085|2023-07-08 11:01:31
buy-more-save-more|223136|2023-07-08 11:01:31
buy-more-save-more|544762|2023-07-08 11:01:31
buy-more-save-more|236807|2023-07-08 11:01:31
buy-more-save-more|293821|2023-07-08 11:01:31
buy-more-save-more|234872|2023-07-08 11:01:31
buy-more-save-more|164677|2023-07-08 11:01:31
buy-more-save-more|544696|2023-07-08 11:01:31
buy-more-save-more|265696|2023-07-08 11:01:31
buy-more-save-more|252429|2023-07-08 11:01:31
buy-more-save-more|260031|2023-07-08 11:01:31
buy-more-save-more|233160|2023-07-08 11:01:31
buy-more-save-more|104334|2023-07-08 11:01:31
buy-more-save-more|378034|2023-07-08 11:01:31
buy-more-save-more|18854|2023-07-08 11:01:31
buy-more-save-more|674971|2023-07-08 11:01:31
buy-more-save-more|544763|2023-07-08 11:01:31
buy-more-save-more|293610|2023-07-08 11:01:31
buy-more-save-more|180279|2023-07-08 11:01:31
buy-more-save-more|84053|2023-07-08 11:01:31
buy-more-save-more|236805|2023-07-08 11:01:31
buy-more-save-more|625154|2023-07-08 11:01:31
buy-more-save-more|624765|2023-07-08 11:01:31
buy-more-save-more|291278|2023-07-08 11:01:31
buy-more-save-more|176549|2023-07-08 11:01:31
buy-more-save-more|151870|2023-07-08 11:01:31
buy-more-save-more|213860|2023-07-08 11:01:31
buy-more-save-more|265706|2023-07-08 11:01:31
buy-more-save-more|267751|2023-07-08 11:01:31
buy-more-save-more|674983|2023-07-08 11:01:31
buy-more-save-more|28700|2023-07-08 11:01:31
buy-more-save-more|172100|2023-07-08 11:01:31
buy-more-save-more|709604|2023-07-08 11:01:31
buy-more-save-more|194494|2023-07-08 11:01:31
buy-more-save-more|291277|2023-07-08 11:01:31
buy-more-save-more|620882|2023-07-08 11:01:31
buy-more-save-more|64807|2023-07-08 11:01:31
buy-more-save-more|234560|2023-07-08 11:01:31
buy-more-save-more|195108|2023-07-08 11:01:31
buy-more-save-more|212749|2023-07-08 11:01:31
buy-more-save-more|257531|2023-07-08 11:01:31
buy-more-save-more|814718|2023-07-08 11:01:31
buy-more-save-more|251348|2023-07-08 11:01:31
buy-more-save-more|291187|2023-07-08 11:01:31
buy-more-save-more|196073|2023-07-08 11:01:31
buy-more-save-more|708918|2023-07-08 11:01:31
buy-more-save-more|703453|2023-07-08 11:01:31
buy-more-save-more|160856|2023-07-08 11:01:31
buy-more-save-more|709557|2023-07-08 11:01:31
buy-more-save-more|345633|2023-07-08 11:01:31
buy-more-save-more|95186|2023-07-08 11:01:31
buy-more-save-more|162401|2023-07-08 11:01:31
buy-more-save-more|808121|2023-07-08 11:01:31
buy-more-save-more|226908|2023-07-08 11:01:31
buy-more-save-more|236822|2023-07-08 11:01:31
buy-more-save-more|176163|2023-07-08 11:01:31
buy-more-save-more|291193|2023-07-08 11:01:31
buy-more-save-more|226906|2023-07-08 11:01:31
buy-more-save-more|291279|2023-07-08 11:01:31
buy-more-save-more|263854|2023-07-08 11:01:31
buy-more-save-more|260805|2023-07-08 11:01:31
buy-more-save-more|633987|2023-07-08 11:01:31
buy-more-save-more|291188|2023-07-08 11:01:31
buy-more-save-more|582661|2023-07-08 11:01:31
buy-more-save-more|79923|2023-07-08 11:01:31
buy-more-save-more|66303|2023-07-08 11:01:31
buy-more-save-more|143647|2023-07-08 11:01:31
buy-more-save-more|633988|2023-07-08 11:01:31
buy-more-save-more|233155|2023-07-08 11:01:31
buy-more-save-more|498490|2023-07-08 11:01:31
buy-more-save-more|708965|2023-07-08 11:01:31
buy-more-save-more|850542|2023-07-08 11:01:31
buy-more-save-more|94249|2023-07-08 11:01:31
buy-more-save-more|259079|2023-07-08 11:01:31
buy-more-save-more|498493|2023-07-08 11:01:31
buy-more-save-more|13916|2023-07-08 11:01:31
buy-more-save-more|226666|2023-07-08 11:01:31
buy-more-save-more|708952|2023-07-08 11:01:31
buy-more-save-more|150757|2023-07-08 11:01:31
buy-more-save-more|28703|2023-07-08 11:01:31
buy-more-save-more|63917|2023-07-08 11:01:31
buy-more-save-more|369518|2023-07-08 11:01:31
buy-more-save-more|120847|2023-07-08 11:01:31
buy-more-save-more|315435|2023-07-08 11:01:31
buy-more-save-more|153288|2023-07-08 11:01:31
buy-more-save-more|250846|2023-07-08 11:01:31
buy-more-save-more|323393|2023-07-08 11:01:31
buy-more-save-more|742732|2023-07-08 11:01:31
buy-more-save-more|225747|2023-07-08 11:01:31
buy-more-save-more|146378|2023-07-08 11:01:31
buy-more-save-more|172304|2023-07-08 11:01:31
buy-more-save-more|675494|2023-07-08 11:01:31
buy-more-save-more|591694|2023-07-08 11:01:31
buy-more-save-more|226106|2023-07-08 11:01:31
buy-more-save-more|248391|2023-07-08 11:01:31
buy-more-save-more|334528|2023-07-08 11:01:31
buy-more-save-more|22780|2023-07-08 11:01:31
buy-more-save-more|66302|2023-07-08 11:01:31
buy-more-save-more|63912|2023-07-08 11:01:31
buy-more-save-more|54373|2023-07-08 11:01:31
buy-more-save-more|263846|2023-07-08 11:01:31
buy-more-save-more|291184|2023-07-08 11:01:31
buy-more-save-more|187398|2023-07-08 11:01:31
buy-more-save-more|68490|2023-07-08 11:01:31
buy-more-save-more|54375|2023-07-08 11:01:31
buy-more-save-more|155241|2023-07-08 11:01:31
buy-more-save-more|591649|2023-07-08 11:01:31
buy-more-save-more|591719|2023-07-08 11:01:31
buy-more-save-more|579734|2023-07-08 11:01:31
buy-more-save-more|98341|2023-07-08 11:01:31
buy-more-save-more|574780|2023-07-08 11:01:31
buy-more-save-more|234064|2023-07-08 11:01:31
buy-more-save-more|345636|2023-07-08 11:01:31
buy-more-save-more|370559|2023-07-08 11:01:31
buy-more-save-more|838692|2023-07-08 11:01:31
buy-more-save-more|83808|2023-07-08 11:01:31
buy-more-save-more|186442|2023-07-08 11:01:31
buy-more-save-more|291183|2023-07-08 11:01:31
buy-more-save-more|446459|2023-07-08 11:01:31
buy-more-save-more|312362|2023-07-08 11:01:31
buy-more-save-more|117036|2023-07-08 11:01:31
buy-more-save-more|92211|2023-07-08 11:01:31
buy-more-save-more|134090|2023-07-08 11:01:31
buy-more-save-more|153262|2023-07-08 11:01:31
buy-more-save-more|238729|2023-07-08 11:01:31
buy-more-save-more|164563|2023-07-08 11:01:31
buy-more-save-more|226222|2023-07-08 11:01:31
buy-more-save-more|204688|2023-07-08 11:01:31
buy-more-save-more|345376|2023-07-08 11:01:31
buy-more-save-more|323403|2023-07-08 11:01:31
buy-more-save-more|591717|2023-07-08 11:01:31
buy-more-save-more|838678|2023-07-08 11:01:31
buy-more-save-more|579719|2023-07-08 11:01:31
buy-more-save-more|92210|2023-07-08 11:01:31
buy-more-save-more|267144|2023-07-08 11:01:31
buy-more-save-more|210781|2023-07-08 11:01:31
buy-more-save-more|147522|2023-07-08 11:01:31
buy-more-save-more|115795|2023-07-08 11:01:31
buy-more-save-more|805414|2023-07-08 11:01:31
buy-more-save-more|446479|2023-07-08 11:01:31
buy-more-save-more|63892|2023-07-08 11:01:31
buy-more-save-more|113891|2023-07-08 11:01:31
buy-more-save-more|228515|2023-07-08 11:01:31
buy-more-save-more|134088|2023-07-08 11:01:31
buy-more-save-more|660268|2023-07-08 11:01:31
buy-more-save-more|591701|2023-07-08 11:01:31
buy-more-save-more|115138|2023-07-08 11:01:31
buy-more-save-more|247966|2023-07-08 11:01:31
buy-more-save-more|273964|2023-07-08 11:01:31
buy-more-save-more|550385|2023-07-08 11:01:31
buy-more-save-more|179946|2023-07-08 11:01:31
buy-more-save-more|212748|2023-07-08 11:01:31
buy-more-save-more|446456|2023-07-08 11:01:31
buy-more-save-more|666554|2023-07-08 11:01:31
buy-more-save-more|187426|2023-07-08 11:01:31
buy-more-save-more|114363|2023-07-08 11:01:31
buy-more-save-more|527179|2023-07-08 11:01:31
buy-more-save-more|185960|2023-07-08 11:01:31
buy-more-save-more|250897|2023-07-08 11:01:31
buy-more-save-more|775116|2023-07-08 11:01:31
buy-more-save-more|761061|2023-07-08 11:01:31
buy-more-save-more|160852|2023-07-08 11:01:31
buy-more-save-more|378821|2023-07-08 11:01:31
buy-more-save-more|162282|2023-07-08 11:01:31
buy-more-save-more|445340|2023-07-08 11:01:31
buy-more-save-more|68742|2023-07-08 11:01:31
buy-more-save-more|63867|2023-07-08 11:01:31
buy-more-save-more|370563|2023-07-08 11:01:31
buy-more-save-more|262094|2023-07-08 11:01:31
buy-more-save-more|124312|2023-07-08 11:01:31
buy-more-save-more|84046|2023-07-08 11:01:31
buy-more-save-more|221798|2023-07-08 11:01:31
buy-more-save-more|527178|2023-07-08 11:01:31
buy-more-save-more|176569|2023-07-08 11:01:31
buy-more-save-more|840611|2023-07-08 11:01:31
buy-more-save-more|237397|2023-07-08 11:01:31
buy-more-save-more|213859|2023-07-08 11:01:31
buy-more-save-more|178888|2023-07-08 11:01:31
buy-more-save-more|217164|2023-07-08 11:01:31
buy-more-save-more|229181|2023-07-08 11:01:31
buy-more-save-more|756825|2023-07-08 11:01:31
buy-more-save-more|214565|2023-07-08 11:01:31
buy-more-save-more|307147|2023-07-08 11:01:31
buy-more-save-more|257713|2023-07-08 11:01:31
buy-more-save-more|236987|2023-07-08 11:01:31
buy-more-save-more|22823|2023-07-08 11:01:31
buy-more-save-more|87997|2023-07-08 11:01:31
buy-more-save-more|133046|2023-07-08 11:01:31
buy-more-save-more|579736|2023-07-08 11:01:31
buy-more-save-more|446487|2023-07-08 11:01:31
buy-more-save-more|591700|2023-07-08 11:01:31
buy-more-save-more|122672|2023-07-08 11:01:31
buy-more-save-more|369465|2023-07-08 11:01:31
buy-more-save-more|785142|2023-07-08 11:01:31
buy-more-save-more|368718|2023-07-08 11:01:31
buy-more-save-more|189516|2023-07-08 11:01:31
buy-more-save-more|165985|2023-07-08 11:01:31
buy-more-save-more|682039|2023-07-08 11:01:31
buy-more-save-more|187681|2023-07-08 11:01:31
buy-more-save-more|280467|2023-07-08 11:01:31
buy-more-save-more|446483|2023-07-08 11:01:31
buy-more-save-more|216854|2023-07-08 11:01:31
buy-more-save-more|84043|2023-07-08 11:01:31
buy-more-save-more|309249|2023-07-08 11:01:31
buy-more-save-more|514317|2023-07-08 11:01:31
buy-more-save-more|63869|2023-07-08 11:01:31
buy-more-save-more|659823|2023-07-08 11:01:31
buy-more-save-more|669540|2023-07-08 11:01:31
buy-more-save-more|174492|2023-07-08 11:01:31
buy-more-save-more|479087|2023-07-08 11:01:31
buy-more-save-more|255316|2023-07-08 11:01:31
buy-more-save-more|827373|2023-07-08 11:01:31
buy-more-save-more|26529|2023-07-08 11:01:31
buy-more-save-more|489787|2023-07-08 11:01:31
buy-more-save-more|527330|2023-07-08 11:01:31
buy-more-save-more|98337|2023-07-08 11:01:31
buy-more-save-more|209277|2023-07-08 11:01:31
buy-more-save-more|26673|2023-07-08 11:01:31
buy-more-save-more|62911|2023-07-08 11:01:31
buy-more-save-more|808130|2023-07-08 11:01:31
buy-more-save-more|115794|2023-07-08 11:01:31
buy-more-save-more|256351|2023-07-08 11:01:31
buy-more-save-more|816991|2023-07-08 11:01:31
buy-more-save-more|446485|2023-07-08 11:01:31
buy-more-save-more|446478|2023-07-08 11:01:31
buy-more-save-more|297226|2023-07-08 11:01:31
buy-more-save-more|92362|2023-07-08 11:01:31
buy-more-save-more|160853|2023-07-08 11:01:31
buy-more-save-more|591730|2023-07-08 11:01:31
buy-more-save-more|99423|2023-07-08 11:01:31
buy-more-save-more|527275|2023-07-08 11:01:31
buy-more-save-more|208948|2023-07-08 11:01:31
buy-more-save-more|176969|2023-07-08 11:01:31
buy-more-save-more|205538|2023-07-08 11:01:31
buy-more-save-more|242067|2023-07-08 11:01:31
buy-more-save-more|244418|2023-07-08 11:01:31
buy-more-save-more|698612|2023-07-08 11:01:31
buy-more-save-more|681967|2023-07-08 11:01:31
buy-more-save-more|149519|2023-07-08 11:01:31
buy-more-save-more|448580|2023-07-08 11:01:31
buy-more-save-more|165982|2023-07-08 11:01:31
buy-more-save-more|297224|2023-07-08 11:01:31
buy-more-save-more|169311|2023-07-08 11:01:31
buy-more-save-more|803888|2023-07-08 11:01:31
buy-more-save-more|668949|2023-07-08 11:01:31
buy-more-save-more|149518|2023-07-08 11:01:31
buy-more-save-more|579716|2023-07-08 11:01:31
buy-more-save-more|53365|2023-07-08 11:01:31
buy-more-save-more|251349|2023-07-08 11:01:31
buy-more-save-more|446477|2023-07-08 11:01:31
buy-more-save-more|306619|2023-07-08 11:01:31
buy-more-save-more|775748|2023-07-08 11:01:31
buy-more-save-more|766506|2023-07-08 11:01:31
buy-more-save-more|733692|2023-07-08 11:01:31
buy-more-save-more|375118|2023-07-08 11:01:31
buy-more-save-more|215328|2023-07-08 11:01:31
buy-more-save-more|323391|2023-07-08 11:01:31
buy-more-save-more|251350|2023-07-08 11:01:31
buy-more-save-more|216926|2023-07-08 11:01:31
buy-more-save-more|840616|2023-07-08 11:01:31
buy-more-save-more|222700|2023-07-08 11:01:31
buy-more-save-more|368719|2023-07-08 11:01:31
buy-more-save-more|329812|2023-07-08 11:01:31
buy-more-save-more|288465|2023-07-08 11:01:31
buy-more-save-more|217602|2023-07-08 11:01:31
buy-more-save-more|116387|2023-07-08 11:01:31
buy-more-save-more|150927|2023-07-08 11:01:31
buy-more-save-more|716246|2023-07-08 11:01:31
buy-more-save-more|222954|2023-07-08 11:01:31
buy-more-save-more|685639|2023-07-08 11:01:31
buy-more-save-more|82074|2023-07-08 11:01:31
buy-more-save-more|116390|2023-07-08 11:01:31
buy-more-save-more|54383|2023-07-08 11:01:31
buy-more-save-more|775117|2023-07-08 11:01:31
buy-more-save-more|178960|2023-07-08 11:01:31
buy-more-save-more|725183|2023-07-08 11:01:31
buy-more-save-more|676388|2023-07-08 11:01:31
buy-more-save-more|148335|2023-07-08 11:01:31
buy-more-save-more|82072|2023-07-08 11:01:31
buy-more-save-more|51739|2023-07-08 11:01:31
buy-more-save-more|323394|2023-07-08 11:01:31
buy-more-save-more|660273|2023-07-08 11:01:31
buy-more-save-more|695638|2023-07-08 11:01:31
buy-more-save-more|220971|2023-07-08 11:01:31
buy-more-save-more|54372|2023-07-08 11:01:31
buy-more-save-more|368724|2023-07-08 11:01:31
buy-more-save-more|116389|2023-07-08 11:01:31
buy-more-save-more|256862|2023-07-08 11:01:31
buy-more-save-more|323397|2023-07-08 11:01:31
buy-more-save-more|775721|2023-07-08 11:01:31
buy-more-save-more|178450|2023-07-08 11:01:31
buy-more-save-more|243975|2023-07-08 11:01:31
buy-more-save-more|233609|2023-07-08 11:01:31
buy-more-save-more|135507|2023-07-08 11:01:31
buy-more-save-more|157656|2023-07-08 11:01:31
buy-more-save-more|83537|2023-07-08 11:01:31
buy-more-save-more|243935|2023-07-08 11:01:31
buy-more-save-more|151242|2023-07-08 11:01:31
buy-more-save-more|81617|2023-07-08 11:01:31
buy-more-save-more|218843|2023-07-08 11:01:31
buy-more-save-more|224622|2023-07-08 11:01:31
buy-more-save-more|175839|2023-07-08 11:01:31
buy-more-save-more|817006|2023-07-08 11:01:31
buy-more-save-more|98090|2023-07-08 11:01:31
buy-more-save-more|191092|2023-07-08 11:01:31
buy-more-save-more|840618|2023-07-08 11:01:31
buy-more-save-more|255370|2023-07-08 11:01:31
buy-more-save-more|220954|2023-07-08 11:01:31
buy-more-save-more|706542|2023-07-08 11:01:31
buy-more-save-more|82863|2023-07-08 11:01:31
buy-more-save-more|234695|2023-07-08 11:01:31
buy-more-save-more|81616|2023-07-08 11:01:31
buy-more-save-more|214091|2023-07-08 11:01:31
buy-more-save-more|280417|2023-07-08 11:01:31
buy-more-save-more|844652|2023-07-08 11:01:31
buy-more-save-more|236079|2023-07-08 11:01:31
buy-more-save-more|212410|2023-07-08 11:01:31
buy-more-save-more|817004|2023-07-08 11:01:31
buy-more-save-more|277299|2023-07-08 11:01:31
buy-more-save-more|217193|2023-07-08 11:01:31
buy-more-save-more|280439|2023-07-08 11:01:31
buy-more-save-more|205684|2023-07-08 11:01:31
buy-more-save-more|277810|2023-07-08 11:01:31
buy-more-save-more|238249|2023-07-08 11:01:31
buy-more-save-more|213241|2023-07-08 11:01:31
buy-more-save-more|119674|2023-07-08 11:01:31
buy-more-save-more|169363|2023-07-08 11:01:31
buy-more-save-more|202167|2023-07-08 11:01:31
buy-more-save-more|217592|2023-07-08 11:01:31
buy-more-save-more|255314|2023-07-08 11:01:31
buy-more-save-more|255328|2023-07-08 11:01:31
buy-more-save-more|526256|2023-07-08 11:01:31
buy-more-save-more|255127|2023-07-08 11:01:31
buy-more-save-more|176913|2023-07-08 11:01:31
buy-more-save-more|278218|2023-07-08 11:01:31
buy-more-save-more|255091|2023-07-08 11:01:31
buy-more-save-more|256363|2023-07-08 11:01:31
buy-more-save-more|165984|2023-07-08 11:01:31
buy-more-save-more|235257|2023-07-08 11:01:31
buy-more-save-more|116386|2023-07-08 11:01:31
buy-more-save-more|280876|2023-07-08 11:01:31
buy-more-save-more|151200|2023-07-08 11:01:31
buy-more-save-more|255999|2023-07-08 11:01:31
buy-more-save-more|224342|2023-07-08 11:01:31
buy-more-save-more|214513|2023-07-08 11:01:31
buy-more-save-more|202487|2023-07-08 11:01:31
buy-more-save-more|151045|2023-07-08 11:01:31
buy-more-save-more|817005|2023-07-08 11:01:31
buy-more-save-more|157525|2023-07-08 11:01:31
buy-more-save-more|255078|2023-07-08 11:01:31
buy-more-save-more|250902|2023-07-08 11:01:31
buy-more-save-more|113964|2023-07-08 11:01:31
buy-more-save-more|256583|2023-07-08 11:01:31
buy-more-save-more|250851|2023-07-08 11:01:31
buy-more-save-more|151201|2023-07-08 11:01:31
buy-more-save-more|281030|2023-07-08 11:01:31
buy-more-save-more|308054|2023-07-08 11:01:31
buy-more-save-more|213947|2023-07-08 11:01:31
buy-more-save-more|232249|2023-07-08 11:01:31
buy-more-save-more|132286|2023-07-08 11:01:31
buy-more-save-more|209264|2023-07-08 11:01:31
buy-more-save-more|157530|2023-07-08 11:01:31
buy-more-save-more|301155|2023-07-08 11:01:31
buy-more-save-more|256621|2023-07-08 11:01:31
buy-more-save-more|266969|2023-07-08 11:01:31
buy-more-save-more|222424|2023-07-08 11:01:31
buy-more-save-more|303961|2023-07-08 11:01:31
buy-more-save-more|300926|2023-07-08 11:01:31
buy-more-save-more|305116|2023-07-08 11:01:31
